producer,mill,country_of_origin,variety,processing_method,aroma,flavor,aftertaste,acidity,body,balance,overall,total_cup_points,moisture_percentage,quakers,color,altitude
diego samuel bermudez,finca el paraiso,colombia,castillo,double anaerobic washed,8.58,8.5,8.42,8.58,8.25,8.42,8.58,89.33,11.8,0,green,1815.0
曾福森,royal bean geisha estate,taiwan,gesha,washed / wet,8.5,8.5,7.92,8.0,7.92,8.25,8.5,87.58,10.5,0,blue-green,1200.0
wu tao chi,oklao coffee processing plant,laos,java,semi washed,8.33,8.42,8.08,8.17,7.92,8.17,8.33,87.42,10.4,0,yellowish,1300.0
santa maria de dota,la montana tarrazu mill,costa rica,gesha,washed / wet,8.08,8.17,8.17,8.25,8.17,8.08,8.25,87.17,11.8,0,green,1900.0
camilo merizalde,finca santuario,colombia,red bourbon,"honey,mossto",8.33,8.33,8.08,8.25,7.92,7.92,8.25,87.08,11.6,2,yellow-green,1975.0
emilio antonio medina garcia,dinámica café,guatemala,gesha,washed / wet,8.33,8.33,8.25,7.83,7.83,8.17,8.25,87.0,10.7,0,green,1668.0
黃保錫,野牡丹咖啡,taiwan,gesha,washed / wet,8.33,8.17,8.08,8.0,7.83,8.25,8.25,86.92,9.1,0,green,1250.0
莊家榮,七彩琉璃咖啡莊園,taiwan,sl34+gesha,natural / dry,8.25,8.25,8.17,8.0,7.92,8.08,8.08,86.75,10.0,0,yellow-green,1200.0
鍾旭亮,亮軒咖啡莊園,taiwan,sl34,washed / wet,8.08,8.08,8.25,8.08,7.92,8.0,8.25,86.67,10.8,0,greenish,1250.0
dorman (t) limited,gourmet coffee mill,"tanzania, united republic of",bourbon,washed / wet,8.08,8.17,8.08,8.17,8.0,8.0,8.0,86.5,11.0,0,greenish,1550.0
tesfaye bekele degaga,moledo社　委託精選場,ethiopia,ethiopian heirlooms,natural / dry,8.08,8.25,8.0,8.08,7.92,7.92,8.0,86.25,11.8,1,greenish,2000.0
karen acajabon,cafetoland,guatemala,gesha,natural / dry,8.08,8.0,8.0,7.75,8.25,8.17,8.0,86.25,11.5,0,brownish,2000.0
賴彥合,古峰咖啡莊園,taiwan,gesha,washed / wet,8.08,8.0,8.08,8.08,8.0,8.0,8.0,86.25,11.9,0,green,1250.0
kerchanshe,dry mill or hulling facility,ethiopia,gesha,natural / dry,7.67,8.17,8.0,8.33,8.0,8.0,8.0,86.17,11.6,3,yellow-green,1950.0
josue enciso suarez,la gaitania,colombia,caturra,washed / wet,8.08,8.0,8.08,7.92,8.08,8.0,8.0,86.17,10.6,0,green,1850.0
葉世遠,青葉咖啡莊園,taiwan,sl34,pulped natural / honey,8.17,8.08,8.0,7.92,8.0,7.92,8.0,86.08,10.2,0,green,1100.0
halo bariti cooprative,halo bariti cooprative,ethiopia,"wolishalo,kurume,dega",washed / wet,8.17,8.08,7.92,8.17,7.75,7.92,8.08,86.08,11.3,2,green,2000.0
陳景立,yes,taiwan,gesha,natural / dry,8.0,8.17,8.0,7.92,7.92,7.92,8.17,86.08,10.3,0,yellow-green,1300.0
王瀅惠,yes,taiwan,gesha,natural / dry,8.08,8.17,7.75,7.92,7.83,8.0,8.17,85.92,11.0,0,brownish,1200.0
dorman (t) limited,gourmet coffee mill,"tanzania, united republic of",bourbon,washed / wet,8.17,8.0,7.92,7.92,8.17,7.75,7.92,85.83,10.0,0,greenish,1585.0
fredy orantes,el vergel,guatemala,gesha,natural / dry,8.0,7.92,8.08,7.92,7.75,8.0,8.08,85.75,11.6,0,yellowish,1900.0
游婷淯 yu ting yu,仲大叔咖啡莊園uncle chung.s coffee farm,taiwan,typica,natural / dry,8.08,8.0,7.92,7.92,8.0,7.83,7.92,85.67,10.4,0,green,850.0
lisu farmers,machines to peel outer skin of the cherry coffee and coffee is dried manually,thailand,catimor,pulped natural / honey,7.67,8.0,7.83,8.0,8.08,8.0,8.08,85.67,9.8,0,browish-green,1600.0
farm bedoya arango,el diamante,colombia,castillo paraguaycito,unknown,8.08,8.0,7.83,8.17,7.75,7.83,8.0,85.67,11.3,0,brownish,1350.0
蘇甘永,永舜咖啡莊園,taiwan,sl34,washed / wet,7.83,8.0,7.92,8.0,8.0,7.92,7.92,85.58,10.6,0,bluish-green,1250.0
diogo t. dias de macedo,dry mill,brazil,unknown,pulped natural / honey,7.83,8.08,7.83,7.92,8.0,7.83,8.0,85.5,11.3,0,green,1250.0
方政倫,鄒築園zouzhouyuan,taiwan,gesha,natural / dry,7.92,7.92,8.0,7.92,7.83,7.92,8.0,85.5,9.1,0,green,1300.0
郭志豪,嵩岳咖啡莊園,taiwan,gesha,natural / dry,8.17,8.08,7.92,8.0,7.58,7.83,7.92,85.5,10.6,0,green,1200.0
陳清龍,他扶芽有機農園,taiwan,gesha,natural / dry,8.0,8.0,8.0,7.92,7.75,7.92,7.92,85.5,10.2,0,blue-green,1060.0
kona hills llc,kona coffee & tea,united states (hawaii),typica,washed / wet,8.0,7.92,8.0,7.83,7.67,8.0,8.0,85.42,9.3,0,green,600.0
張進義zhang jin-yi,鄉庭有機農場siang-ting organic farm,taiwan,typica,washed / wet,8.0,8.0,7.83,7.83,7.75,7.92,8.08,85.42,11.4,0,bluish-green,200.0
張進義zhang jin-yi,鄉庭有機農場siang-ting organic farm,taiwan,typica,washed / wet,7.92,8.0,7.83,7.92,7.83,7.83,8.0,85.33,10.8,0,green,200.0
"葉明讚 (ye,ming-zan)",金讚咖啡農莊園(jinzan coffee estate),taiwan,gesha,washed / wet,8.08,8.17,7.67,7.83,7.67,7.92,8.0,85.33,11.3,0,green,668.0
eshetu,lata agri export,ethiopia,ethiopian heirlooms,washed / wet,7.67,7.83,7.83,8.0,8.0,8.0,8.0,85.33,9.9,2,green,1950.0
bisrat melaku,dry mill,ethiopia,ethiopian heirlooms,natural / dry,8.0,8.08,8.0,8.0,7.67,7.75,7.83,85.33,12.3,3,yellow-green,2250.0
yhaenu plc,guji coffee export p.l.c,ethiopia,ethiopian heirlooms,washed / wet,7.92,7.75,7.83,8.17,8.0,7.75,7.83,85.25,9.4,1,greenish,1700.0
許定燁,卓武山咖啡農場,taiwan,gesha,washed / wet,8.0,7.92,7.83,7.92,7.83,7.83,7.92,85.25,9.5,0,bluish-green,1200.0
"陳建源(chen, jian-yuan)",御香咖啡園 yu siang coffee estate,taiwan,gesha,pulped natural / honey,8.25,8.08,7.83,7.75,7.67,7.75,7.92,85.25,11.3,0,green,650.0
small holder,nkg,kenya,sl28,washed / wet,8.17,7.75,7.83,7.58,7.92,8.0,8.0,85.25,9.2,0,greenish,1750.0
陳榮豐,yes,taiwan,gesha,washed / wet,7.75,7.92,7.75,8.0,7.83,7.92,8.0,85.17,10.3,0,bluish-green,850.0
李志祥 li zhi-xia,花蓮縣秀林鄉特用作物（咖啡）產銷第一班agriculture production and marketing groups of hualien shlin township special crop (coffee) 1st class,taiwan,typica,natural / dry,8.0,7.92,7.83,7.92,7.75,7.75,7.92,85.08,10.0,0,brownish,400.0
陳科翰,乾燥機、脫殼機,taiwan,typica,washed / wet,8.0,8.08,7.67,7.75,7.92,7.83,7.83,85.08,10.5,0,greenish,1000.0
黃簡秋蘭,香夾蘭莊園,taiwan,gesha,washed / wet,8.0,7.92,7.67,8.0,7.75,7.83,7.92,85.08,10.0,0,pale-yellow,800.0
kyagalanyi coffee limited,dry mill,uganda,sl14,washed / wet,8.0,7.92,7.75,7.75,7.75,7.92,7.92,85.0,11.0,0,green,1905.0
劉孟宗 liu meng tsung,愛姬咖啡莊園igfarm,taiwan,typica,unknown,7.92,8.0,7.92,8.0,7.58,7.75,7.83,85.0,10.9,0,green,150.0
王清連,青山坪咖啡農場,taiwan,gesha,natural / dry,8.17,8.08,7.83,7.67,7.67,7.75,7.83,85.0,10.1,0,yellow-green,800.0
varios productores,beneficio pastores,guatemala,caturra,washed / wet,7.67,8.08,7.67,8.0,7.92,7.83,7.83,85.0,9.9,1,green,1600.0
pablo chuy,beneficio las americas,guatemala,catuai,washed / wet,7.67,8.0,7.75,7.92,8.0,7.83,7.83,85.0,11.3,0,green,4700.0
san francisco cotzal,"inmobiliaria e inversiones dos mil, s.a.",guatemala,caturra,washed / wet,7.83,7.92,7.75,8.0,7.75,7.75,7.92,84.92,11.7,3,green,1600.0
黃俊淦,六曲窩,taiwan,typica,washed / wet,7.92,7.92,7.83,7.83,7.75,7.83,7.83,84.92,9.5,0,green,375.0
戴禎男,北平山林,taiwan,yellow bourbon,natural / dry,8.0,8.0,7.75,7.75,7.67,7.75,7.92,84.83,9.7,0,brownish,230.0
pt indo cafco north sumatera,pt indo cafco,indonesia,catimor,unknown,7.83,7.92,7.75,7.83,7.83,7.83,7.83,84.83,11.9,3,bluish-green,1200.0
ruya yayu,no.,peru,gesha,washed / wet,8.0,8.0,7.83,7.83,7.58,7.83,7.75,84.83,10.7,0,greenish,1750.0
iyenga amcos,city coffee ltd,"tanzania, united republic of",bourbon,washed / wet,7.92,7.75,7.75,7.92,7.83,7.83,7.83,84.83,11.2,0,greenish,1654.0
鄭虞坪,優遊吧斯瑪翡咖啡莊園,taiwan,sl34,natural / dry,7.83,7.83,7.67,7.67,7.83,8.0,8.0,84.83,9.5,0,greenish,1300.0
吳振宏,森悅高峰咖啡莊園,taiwan,sl34,washed / wet,7.67,7.92,7.92,7.83,7.75,7.83,7.83,84.75,10.4,0,green,1400.0
homero paiva,wet-hulling,brazil,yellow bourbon,double carbonic maceration / natural,7.83,7.92,7.75,7.92,7.67,7.83,7.83,84.75,11.2,1,green,1100.0
la santa,la santa,panama,catuai,washed / wet,7.83,7.83,7.75,7.92,7.83,7.75,7.83,84.75,10.3,1,bluish-green,1200.0
卓榮華,乾燥機、脫殼機,taiwan,yellow bourbon,pulped natural / honey,7.92,8.08,7.67,7.92,7.67,7.75,7.75,84.75,10.0,0,blue-green,1200.0
varios productores,varios beneficios,guatemala,caturra,washed / wet,7.67,8.0,7.67,7.83,7.92,7.67,7.92,84.67,10.6,0,green,1600.0
"valbros, s. a.",eco coffee,guatemala,bourbon,natural / dry,7.83,8.0,7.67,7.83,7.75,7.75,7.83,84.67,10.9,3,yellow-green,4895.0
martin gutierrez,beneficio montañas del diamante,costa rica,caturra,washed / wet,7.58,7.83,7.5,7.67,7.83,7.67,8.58,84.67,10.0,1,green,1850.0
羅政宏,羅馬8號莊園,taiwan,typica,pulped natural / honey,7.83,7.83,7.75,7.75,7.75,7.75,7.92,84.58,9.6,0,greenish,250.0
"郭雅聰（kuo,ya-tsung）",大鋤花間(dachu coffee estate),taiwan,gesha,pulped natural / honey,8.17,7.83,7.67,7.83,7.67,7.67,7.75,84.58,11.5,0,green,700.0
nicanola coffee,"compare coperativo condega, esteli, nicaragua",nicaragua,catrenic,natural / dry,7.92,7.75,7.67,7.67,7.83,7.75,8.0,84.58,9.9,0,green,1350.0
浦瀚文,雅慕伊咖啡莊園,taiwan,gesha,washed / wet,8.08,7.83,7.67,7.67,7.67,7.75,7.92,84.58,11.2,0,green,1250.0
王政淵,名陽園,taiwan,sl34,natural / dry,7.83,8.0,7.67,7.75,7.67,7.75,7.92,84.58,10.3,0,green,1450.0
tong phuc lam trading services company limited,cupncare,vietnam,catimor,natural / dry,8.0,7.83,7.75,7.67,7.58,7.83,7.92,84.58,11.6,0,brownish,650.0
santa maria de dota,la montana tarrazu mill,costa rica,gesha,washed / wet,7.75,7.83,7.67,7.83,7.75,7.75,7.92,84.5,11.7,1,green,1900.0
李鴻儀,苗55咖啡莊園,taiwan,unknown,pulped natural / honey,7.75,7.92,7.83,7.75,7.75,7.75,7.75,84.5,11.3,0,bluish-green,520.0
jose nahum maldonado,global coffee,honduras,catuai,washed / wet,7.83,7.92,7.75,7.75,7.75,7.75,7.75,84.5,9.8,0,green,1368.0
tracon trading plc,5.2ha,ethiopia,ethiopian heirlooms,washed / wet,7.92,7.83,7.75,7.92,7.58,7.67,7.83,84.5,10.9,0,green,1943.0
黃怡瑄 huang yi-xuan,917農場 (917 farm),taiwan,typica,natural / dry,8.08,7.92,7.75,7.83,7.5,7.58,7.83,84.5,10.2,0,green,400.0
陳榮豐,皇庭咖啡莊園,taiwan,gesha,washed / wet,7.83,8.0,7.5,7.75,7.75,7.75,7.83,84.42,10.1,0,bluish-green,850.0
maria de los angeles perez,unknown,guatemala,bourbon,washed / wet,7.67,7.83,7.75,7.75,7.83,7.75,7.75,84.33,9.2,1,green,1350.0
jose & berta miranda,greenwell,united states (hawaii),catuai,washed / wet,7.92,7.83,7.75,7.92,7.5,7.67,7.75,84.33,10.1,0,yellow-green,1300.0
bisrat melaku,washing station,ethiopia,ethiopian heirlooms,natural / dry,7.83,7.75,7.58,7.92,8.0,7.5,7.75,84.33,11.0,5,yellow-green,2361.0
various producers,san nicolas,el salvador,pacamara,pulped natural / honey,7.83,7.83,7.83,7.83,7.67,7.67,7.67,84.33,10.3,0,brownish,1500.0
grupo tap,trilladora santa tirsa,colombia,castillo and colombia blend,washed / wet,7.75,7.75,7.75,7.75,7.83,7.67,7.83,84.33,11.6,0,green,2100.0
"lintong nihuta/dolok sanggul,sumatera utara","lintong nihuta/dolok sanggul,sumatera utara",indonesia,"jember,tim-tim,ateng",wet hulling,7.67,7.67,7.83,7.83,7.67,7.75,7.83,84.25,11.5,1,blue-green,1300.0
"cafetalera paquim, s.a.",san jose del lago,guatemala,typica,washed / wet,7.58,7.92,7.67,7.75,7.83,7.75,7.75,84.25,10.0,0,green,1600.0
marc dumont,on the farm (mechanical huller and polisher / sorting by hand),madagascar,bourbon,washed / wet,7.92,7.92,7.58,7.75,7.58,7.67,7.83,84.25,12.1,0,blue-green,1500.0
jose nahum maldonado,global coffee,honduras,catuai,washed / wet,7.75,7.75,7.58,7.83,7.75,7.75,7.75,84.17,10.2,0,green,1368.0
san francisco cotzal,"inmobiliaria e inversiones dos mil, s.a.",guatemala,caturra,washed / wet,7.58,7.92,7.58,7.83,7.75,7.67,7.75,84.08,11.0,3,green,1600.0
邱建明,竹崙子莊園,taiwan,unknown,pulped natural / honey,7.83,7.92,7.83,7.58,7.58,7.67,7.67,84.08,10.8,0,greenish,150.0
李泓錡,元富咖啡莊園,taiwan,gesha,natural / dry,7.92,7.75,7.67,7.75,7.75,8.0,7.92,84.08,10.6,0,yellow-green,800.0
varios productores,el trèbol/lìnea gourmet,guatemala,caturra,washed / wet,7.67,7.83,7.67,7.83,7.75,7.67,7.67,84.08,11.0,1,green,1550.0
varios productores,el trebol/linea gourmet,guatemala,caturra,washed / wet,7.67,7.92,7.67,7.75,7.67,7.58,7.75,84.0,11.0,2,green,1550.0
irma consuelo bonilla hernandez,de la casa,honduras,typica,pulped natural / honey,7.75,7.75,7.75,7.67,7.75,7.67,7.67,84.0,9.4,0,green,1800.0
dorman (t) ltd,rafiki mill,"tanzania, united republic of",bourbon,washed / wet,7.58,7.67,7.75,7.75,7.75,7.75,7.75,84.0,9.8,0,greenish,1675.0
ecom agroindustrial,beneficio humedo,ethiopia,ethiopian heirlooms,washed / wet,8.0,7.75,7.5,7.67,7.67,7.67,7.75,84.0,11.3,1,green,1800.0
dorman,gourmet coffee mill,"tanzania, united republic of",bourbon,washed / wet,7.75,7.58,7.58,7.92,7.67,7.75,7.75,84.0,11.6,0,greenish,1550.0
cooperativa central de caficultores del huila,laumayer armenia,colombia,caturra,washed / wet,7.67,7.83,7.58,7.92,7.67,7.67,7.67,84.0,13.3,2,green,1550.0
martin gutierrez,beneficio montañas del diamante,costa rica,caturra,washed / wet,7.67,7.92,7.58,7.75,7.67,7.58,7.75,83.92,9.5,0,green,1850.0
various producers,sube,guatemala,gesha,natural / dry,7.83,7.83,7.58,7.67,7.67,7.58,7.75,83.92,11.9,0,greenish,1900.0
"cafetalera paquim, s.a.",san jose del lago,guatemala,bourbon,washed / wet,7.58,7.83,7.58,7.75,7.67,7.75,7.75,83.92,10.0,1,green,1600.0
phaibul kitcharoen,baan san charoen,thailand,catimor,natural / dry,7.75,7.67,7.58,7.75,7.75,7.67,7.75,83.92,11.6,0,yellowish,1350.0
racafe & cia sca,"racafé & cia s.c.a, km 5 vía pereira",colombia,unknown,washed / wet,7.67,7.75,7.67,7.75,7.67,7.67,7.67,83.83,11.9,1,green,1411.0
maria de los angeles perez,unknown,guatemala,"bourbon, caturra y catimor",natural / dry,7.58,7.83,7.67,7.67,7.67,7.67,7.75,83.83,10.8,0,green,1400.0
"valbros, s. a.","beneficio santa rita, s. a.",guatemala,bourbon,washed / wet,7.58,7.92,7.5,7.67,7.75,7.67,7.75,83.83,10.9,1,greenish,5272.5
sidama coffee farmers cooperative union,sidama coffee farmers cooperative union,ethiopia,ethiopian heirlooms,washed / wet,7.83,7.67,7.5,7.92,7.5,7.67,7.75,83.83,12.0,0,green,2000.0
regional producers,trilladora popayán,colombia,caturra,washed / wet,7.92,7.75,7.42,7.58,7.92,7.67,7.58,83.83,12.1,5,green,1700.0
isla custom coffees,aloha hills kona coffee,united states (hawaii),typica,washed / wet,7.67,7.92,7.58,7.58,7.58,7.75,7.75,83.83,11.8,3,green,500.0
oscar javier paez & family,la gallera,colombia,bourbon sidra,pulped natural / honey,7.67,7.92,7.67,7.58,7.67,7.67,7.58,83.75,10.6,0,greenish,1800.0
armando pohlenz,exportadora de cafe california,mexico,sarchimor,washed / wet,7.67,7.67,7.58,7.67,7.83,7.58,7.75,83.75,11.7,0,green,1200.0
,unknown,colombia,unknown,unknown,7.83,7.75,7.5,7.58,7.67,7.67,7.67,83.67,12.4,0,greenish,0.0
蘇甘永,yes,taiwan,sl34,washed / wet,7.67,7.67,7.75,7.75,7.5,7.67,7.67,83.67,10.0,0,bluish-green,1250.0
lim,aromatic,myanmar,"catimor,catuai,caturra,bourbon",natural / dry,7.83,7.83,7.67,7.58,7.58,7.58,7.58,83.67,10.2,1,pale-yellow,1400.0
羅以珊,恆珊農場,taiwan,unknown,pulped natural / honey,7.58,7.75,7.67,7.83,7.5,7.67,7.67,83.67,9.2,0,greenish,300.0
pedro turcios,"cafe organic marcala, s.a. (comsa)",honduras,parainema,natural / dry,7.67,7.67,7.58,7.75,7.67,7.67,7.67,83.67,11.1,2,pale-yellow,1470.0
彭文正,正源咖啡,taiwan,unknown,natural / dry,7.58,7.67,7.5,7.75,7.75,7.67,7.67,83.58,8.4,0,green,325.0
宋明光,宋明光	蝙蝠洞莊園	蝙蝠洞莊園,taiwan,typica,pulped natural / honey,7.58,7.75,7.58,7.75,7.58,7.67,7.67,83.58,9.1,0,green,275.0
san francisco cotzal,"inmobiliaria e inversiones dos mil, s. a.",guatemala,caturra,washed / wet,7.58,7.83,7.58,7.67,7.58,7.58,7.75,83.58,10.9,2,green,1600.0
comsa,beneficio seco,honduras,shg,washed / wet,7.75,7.67,7.58,7.58,7.58,7.67,7.67,83.5,11.2,1,green,1400.0
la fortaleza,trilladora pubenza,colombia,caturra,washed / wet,7.75,7.75,7.5,7.58,7.83,7.5,7.58,83.5,12.2,0,bluish-green,1700.0
doi tung development project,dry mill,thailand,bourbon,washed / wet,7.42,7.83,7.58,7.67,7.67,7.75,7.58,83.5,13.1,0,green,1390.0
yhaenu plc,guji coffee export p.l.c,ethiopia,ethiopian heirlooms,washed / wet,7.42,7.42,7.42,8.0,7.92,7.67,7.67,83.5,10.4,1,greenish,1700.0
chalerm,doi nan,thailand,java,washed / wet,7.67,7.67,7.5,7.67,7.58,7.67,7.67,83.42,11.6,2,green,1450.0
kawacom uganda ltd,kawacom,uganda,sl14,washed / wet,7.75,7.75,7.5,7.5,7.58,7.58,7.75,83.42,10.1,0,green,1650.0
吳昭昀,香香久溢咖啡莊園,taiwan,typica + sl34,washed / wet,7.75,7.92,7.67,7.92,7.75,7.83,7.92,83.42,10.1,0,blue-green,1100.0
kyagalanyi coffee limited,dry mill,uganda,sl14,washed / wet,7.75,7.67,7.58,7.5,7.67,7.5,7.67,83.33,11.1,0,green,1905.0
林士傑,四分子道,taiwan,typica,pulped natural / honey,7.58,7.67,7.5,7.75,7.5,7.58,7.75,83.33,9.7,0,greenish,250.0
500 producers,mi cafecito + agua santa la providencia + agua santa,guatemala,"marsellesa, catuai, caturra & marsellesa, anacafe 14, catuai",washed / wet,7.5,7.75,7.58,7.75,7.67,7.58,7.5,83.33,11.4,0,green,1302.5
簡進財,木華莊園,taiwan,typica,washed / wet,7.58,7.67,7.58,7.75,7.42,7.58,7.75,83.33,9.6,0,green,300.0
eric sellin,hulling facility,colombia,caturra,washed / wet,7.67,7.67,7.42,7.75,7.5,7.75,7.58,83.33,13.5,0,greenish,1100.0
martin gutierrez,beneficio montañas del diamante,costa rica,caturra,washed / wet,7.58,7.75,7.42,7.67,7.5,7.75,7.67,83.33,0.0,0,green,1850.0
陳善東,東泓咖啡莊園,taiwan,sl34,washed / wet,7.75,7.83,7.58,7.58,7.58,7.5,7.5,83.33,10.7,0,blue-green,750.0
doi tung development project,dry mill,thailand,typica,washed / wet,7.92,7.92,7.75,7.33,7.58,7.5,7.33,83.33,12.3,0,yellow-green,1400.0
dorman tanzania ltd,gourmet coffee mill,"tanzania, united republic of",bourbon,washed / wet,7.92,7.67,7.42,7.5,7.67,7.58,7.5,83.25,10.4,0,greenish,1550.0
ipanema agrícola sa,dry mill,brazil,mundo novo,natural / dry,7.58,7.5,7.5,7.83,7.67,7.5,7.67,83.25,11.6,0,green,950.0
林木青,棒棒有機農場,taiwan,unknown,washed / wet,7.75,7.75,7.58,7.67,7.42,7.5,7.58,83.25,9.6,0,green,1150.0
chucho bedoya,buenos aires,colombia,"red bourbon,caturra",anaerobico 1000h,7.67,7.67,7.58,7.67,7.58,7.58,7.5,83.25,10.9,0,brownish,1390.0
joaquin suazo,"comsa (cafe organic marcala, s.a)",honduras,lempira,washed / wet,7.67,7.75,7.67,7.58,7.5,7.58,7.5,83.25,10.5,0,bluish-green,1600.0
comsa,beneficio seco,honduras,catuai,washed / wet,7.75,7.58,7.58,7.58,7.5,7.58,7.67,83.25,11.3,1,green,1400.0
張新榮,蜜多莊園,taiwan,typica,natural / dry,7.75,7.75,7.5,7.75,7.5,7.42,7.5,83.17,9.7,0,greenish,250.0
翁召安,迎曦山丘,taiwan,unknown,washed / wet,7.67,7.67,7.5,7.58,7.58,7.5,7.67,83.17,11.8,0,blue-green,340.0
dao heuang group,dao heuang group,laos,catimor,natural / dry,7.67,7.75,7.33,7.67,7.58,7.5,7.58,83.08,11.8,0,brownish,1250.0
fausto nahun maldonado,cigrah,honduras,catuai,washed / wet,7.67,7.67,7.5,7.58,7.58,7.5,7.58,83.08,10.6,2,green,1368.0
omar acosta,cadexsa,honduras,catuai,washed / wet,7.75,7.58,7.58,7.58,7.58,7.5,7.5,83.08,9.6,0,green,1450.0
franklin dussan,neiva,colombia,caturra,washed / wet,8.0,7.67,7.42,7.58,7.58,7.42,7.33,83.0,13.1,0,bluish-green,1650.0
王維書,樹橋窩莊園,taiwan,typica,pulped natural / honey,7.5,7.67,7.58,7.58,7.5,7.5,7.58,82.92,8.9,0,blue-green,275.0
martin tequihuatle zepahua,"coatepec, veracruz",mexico,bourbon,washed / wet,7.75,7.5,7.42,7.67,7.58,7.5,7.5,82.92,11.9,0,green,1350.0
augusto torres,la argentina,colombia,typica gesha,washed / wet,7.58,7.5,7.5,7.67,7.58,7.5,7.58,82.92,11.5,1,greenish,1350.0
郭亮志,yes,taiwan,gesha,unknown,7.67,7.5,7.42,7.75,7.42,7.58,7.58,82.92,10.2,0,yellow-green,1200.0
varios,beneficio seco comsa,honduras,catuai,washed / wet,7.67,7.58,7.5,7.5,7.58,7.5,7.5,82.83,10.0,0,green,1280.0
doi tung development project,dry mill,thailand,gayo,washed / wet,7.17,7.92,7.58,7.5,7.58,7.67,7.42,82.83,11.8,0,yellow-green,1400.0
ea tan cooperative,simexco daklak ltd,vietnam,catimor,pulped natural / honey,7.58,7.42,7.58,7.5,7.67,7.75,7.33,82.83,13.3,0,green,900.0
exportadora atlantic s.a.,beneficio atlantic sébaco,nicaragua,shg,natural / dry,7.33,7.58,7.25,7.33,7.75,8.17,7.33,82.75,10.5,2,green,1200.0
various producers,micro mill,costa rica,sl28,pulped natural / honey,7.33,7.5,7.25,7.92,7.75,7.58,7.42,82.75,11.8,0,pale-yellow,1450.0
federación nacional de cafeteros de colombia,federación nacional de cafeteros de colombia,colombia,caturra,washed / wet,7.58,7.67,7.58,7.5,7.33,7.5,7.5,82.67,11.8,1,green,1700.0
doi tung development project,dry mill,thailand,caturra,washed / wet,7.33,7.58,7.58,7.5,7.67,7.67,7.33,82.67,13.0,0,greenish,1390.0
kevin wattana,dry mill,thailand,"bourbon, catimor, caturra, typica",natural / dry,7.5,7.58,7.5,7.42,7.5,7.58,7.58,82.67,11.2,0,yellow-green,1200.0
omar acosta,cadexsa,honduras,catuai,washed / wet,7.67,7.58,7.33,7.5,7.58,7.5,7.5,82.67,9.6,0,green,1450.0
吳聲發,銅鏡莊園,taiwan,unknow,natural / dry,7.67,7.67,7.42,7.42,7.42,7.5,7.5,82.58,9.8,0,green,165.0
謝櫞楨,掬香園,taiwan,caturra,washed / wet,7.67,7.58,7.42,7.42,7.5,7.5,7.5,82.58,8.4,0,blue-green,465.0
nicanola coffee,"compare coperativo condega, esteli, nicaragua",nicaragua,parainema,washed / wet,7.5,7.58,7.42,7.58,7.5,7.58,7.42,82.58,10.1,0,green,1350.0
"j.j. borja nathan, s.a.",agua caliente,el salvador,bourbon,washed / wet,7.67,7.33,7.17,7.67,7.83,7.5,7.33,82.5,11.3,0,green,1200.0
finca lerida,finca lerida,panama,caturra,washed / wet,7.75,7.67,7.17,7.67,7.42,7.42,7.42,82.5,10.0,0,green,1200.0
eduardo niero de souza,copag varginha,brazil,mundo novo,natural / dry,7.5,7.58,7.5,7.5,7.67,7.42,7.33,82.5,11.8,1,bluish-green,1100.0
kainaliu-kona coffee company,aloha hills kona coffee,united states (hawaii),maragogype,washed / wet,7.33,7.58,7.5,7.5,7.5,7.58,7.5,82.5,11.7,0,blue-green,640.0
jose cienfuegos,las trincheras,mexico,pacamara,washed / wet,7.67,7.42,7.5,7.5,7.67,7.42,7.33,82.5,10.7,0,pale-yellow,1340.0
fausto nahun maldonado,cigrah,honduras,catuai,washed / wet,7.58,7.58,7.33,7.5,7.58,7.42,7.5,82.5,10.6,0,green,1368.0
胡明杰,弘欣咖啡園,taiwan,unknown,washed / wet,7.42,7.42,7.58,7.42,7.58,7.5,7.58,82.5,8.4,0,green,139.0
sabio coffee - enrique ferrufino & tania ferrufino,beneficio seco finca aurora,nicaragua,caturra-catuai,washed / wet,7.58,7.58,7.42,7.42,7.5,7.5,7.42,82.42,11.4,0,bluish-green,1275.0
"yeh,li chuan",dry mill,vietnam,catimor,washed / wet,7.5,7.5,7.33,7.5,7.5,7.42,7.58,82.33,10.5,0,bluish-green,1040.0
"j.j. borja nathan, s.a.",agua caliente,el salvador,bourbon,washed / wet,7.5,7.5,7.42,7.42,7.42,7.67,7.42,82.33,12.0,7,green,1200.0
"j.j. borja nathan, s.a.",agua caliente,el salvador,bourbon,washed / wet,7.33,7.67,7.25,7.67,7.83,7.42,7.17,82.33,11.8,0,bluish-green,1200.0
宋煦仁,寶山謐靚,taiwan,unknown,natural / dry,7.67,7.58,7.42,7.5,7.33,7.42,7.42,82.33,10.8,0,green,140.0
sand crispin espiritu,planta callao,peru,caturra,washed / wet,7.67,7.5,7.33,7.58,7.33,7.42,7.42,82.25,11.7,1,greenish,1600.0
manny ochoa,manny's farm,united states (hawaii),typica,washed / wet,7.75,7.42,7.33,7.5,7.33,7.5,7.33,82.17,10.6,0,green,1200.0
slelected small holder,taylor winch,kenya,"sl28,sl34,ruiru11",washed / wet,7.5,7.5,7.42,7.5,7.25,7.5,7.5,82.17,11.2,0,green,1725.0
fausto nahun maldonado,cigrah,honduras,catuai,washed / wet,7.67,7.5,7.25,7.5,7.5,7.33,7.42,82.17,10.6,0,green,1368.0
何育達,金暖農場,taiwan,unknown,washed / wet,7.5,7.67,7.33,7.5,7.25,7.33,7.5,82.08,9.7,0,bluish-green,600.0
彭聰明,好客農埸,taiwan,unknown,pulped natural / honey,7.33,7.42,7.42,7.5,7.42,7.5,7.5,82.08,8.1,0,greenish,460.0
宗素霞,拉拉山祖嵐咖啡莊園,taiwan,unknown,washed / wet,7.5,7.58,7.42,7.42,7.25,7.42,7.42,82.0,8.2,0,green,500.0
doi tung development project,dry mill,thailand,catimor,washed / wet,7.17,7.5,7.42,7.42,7.58,7.5,7.42,82.0,9.8,0,green,1000.0
san diego mill,dosmil,costa rica,caturra,washed / wet,7.42,7.42,7.42,7.33,7.58,7.33,7.5,82.0,10.5,2,green,1500.0
"exportcafe, s.a.",dry mill of exportcafe,guatemala,unknown,washed / wet,7.42,7.42,7.42,7.33,7.5,7.42,7.5,82.0,11.5,1,blue-green,1450.0
pt. wahana graha makmur group,pt. wahana graha makmur medan,indonesia,unknown,pulped natural / honey,7.67,7.33,7.25,7.67,7.42,7.25,7.42,82.0,12.5,0,bluish-green,1350.0
sandro crispin espiritu,planta callao,peru,caturra,washed / wet,7.5,7.5,7.33,7.5,7.33,7.33,7.42,81.92,11.6,2,greenish,1600.0
la minita,multiple smallholder farms,guatemala,caturra,washed / wet,7.33,7.42,7.33,7.42,7.58,7.42,7.42,81.92,10.3,0,greenish,1400.0
李秀圓,阿拉思家,taiwan,typica,pulped natural / honey,7.25,7.42,7.42,7.5,7.42,7.42,7.42,81.83,11.3,0,green,300.0
viet coffee company limited,hulling facility,vietnam,catimor,pulped natural / honey,7.5,7.5,7.25,7.42,7.42,7.42,7.33,81.83,11.2,0,green,5400.0
luis flavio pereira de castro,cocarive,brazil,yellow catuai,pulped natural / honey,7.5,7.5,7.42,7.33,7.33,7.33,7.42,81.83,11.3,0,pale-yellow,1000.0
paulo enidio crabi,owned by producer,brazil,catucai,natural / dry,7.42,7.5,7.58,7.33,7.33,7.25,7.33,81.75,11.1,0,yellow-green,950.0
more than one,trilladora cca buga,colombia,santander,washed / wet,7.33,7.5,7.33,7.42,7.42,7.42,7.33,81.75,11.2,0,yellow-green,1574.0
josé gerardo gutierrez morales,"coatepec, veracruz",mexico,typica,washed / wet,7.58,7.42,7.25,7.25,7.5,7.33,7.33,81.67,11.8,0,green,1200.0
fjo orlich hno ltda,beneficio la giorgia,costa rica,caturra,washed / wet,7.33,7.42,7.25,7.42,7.42,7.33,7.42,81.58,9.7,2,green,1200.0
呂星輝,橫鹿,taiwan,typica,pulped natural / honey,7.42,7.5,7.33,7.33,7.33,7.33,7.33,81.58,9.0,0,yellow-green,300.0
侯奕瑋,大屯29莊園,taiwan,unknown,pulped natural / honey,7.33,7.5,7.42,7.33,7.33,7.25,7.33,81.5,8.5,0,green,435.0
doi tung development project,dry mill,thailand,java,washed / wet,7.33,7.42,7.25,7.33,7.5,7.42,7.17,81.42,11.6,0,green,1400.0
prakol saelee,miramar coffee,thailand,typica bourbon caturra catimor,natural / dry,7.42,7.25,7.33,7.42,7.33,7.33,7.25,81.33,10.5,0,yellowish,1400.0
doi tung development project,dry mill,thailand,catimor,washed / wet,7.25,7.25,7.42,7.25,7.42,7.42,7.17,81.17,10.4,0,green,700.0
escalera,escalera,colombia,"caturra,colombia,castillo",washed / wet,7.42,7.25,7.25,7.42,7.17,7.33,7.33,81.17,11.4,2,greenish,1550.0
cocapil,dry mill of cocapil,brazil,unknown,natural / dry,7.42,7.42,7.25,7.25,7.17,7.25,7.25,81.0,10.6,2,greenish,1200.0
roselia yglesias,"optimum coffee, san salvador, el salvador",el salvador,bourbon,natural / dry,7.42,7.33,7.33,7.5,7.08,7.0,7.17,80.83,10.5,8,bluish-green,1400.0
varios productores,lavado,nicaragua,caturra,washed / wet,7.25,7.25,7.17,7.33,7.08,7.25,7.17,80.5,11.5,1,greenish,1100.0
sajonia estate coffee s.a.,sajonia estate coffee s.a.,nicaragua,sarchimor,washed / wet,7.42,7.17,7.0,7.08,7.42,7.17,7.17,80.42,11.2,0,green,1000.0
finca mallorca,finca mallorca,colombia,"castillo,caturra,bourbon",washed / wet,7.25,7.25,7.17,7.33,7.0,7.17,7.25,80.42,11.0,3,greenish,1600.0
sandro crispin espiritu,callao plant,peru,caturra,washed / wet,7.5,7.25,7.17,7.17,7.17,7.08,7.0,80.33,11.8,6,greenish,1600.0
roselia yglesias,"optimum coffee, san salvador, el salvador",el salvador,pacas,natural / dry,7.08,7.25,7.08,7.42,7.42,7.08,7.0,80.33,11.5,10,bluish-green,1300.0
cocapil,dry mill,brazil,catuai and mundo novo,natural / dry,7.25,7.17,7.17,7.08,7.17,7.17,7.17,80.17,11.6,1,greenish,1200.0
ipanema coffees,dry mill,brazil,mundo novo,natural / dry,7.17,7.17,6.92,7.17,7.42,7.17,7.08,80.08,11.4,0,green,950.0
exportadora atlantic s.a.,beneficio atlantic sébaco,nicaragua,shg,natural / dry,7.33,7.08,6.75,7.17,7.42,7.17,7.08,80.0,10.4,2,green,1200.0
"lao minh tien coffee sole co.,ltd",dry mill,laos,catimor,washed / wet,7.25,7.17,7.08,7.0,7.08,7.08,7.0,79.67,11.6,9,green,1300.0
roselia yglesias,"optimum coffee, san salvador, el salvador",el salvador,maragogype,natural / dry,6.5,6.75,6.75,7.17,7.08,7.0,6.83,78.08,11.0,12,bluish-green,1200.0
walter matter,beneficio humedo/seco,brazil,mundo novo,semi washed,7.25,7.08,6.67,6.83,6.83,6.67,6.67,78.0,11.3,0,green,975.0
